Emp ID,First Name,Last Name,DOB,SSN,State
214,Sarah,Simpson,04/12/1985,***-**-8166,FL
15,Sarah,Simpson,08/09/1993,***-**-7526,CO
411,Samantha,Lara,20/12/1957,***-**-8526,PA
166,Sarah,Simpson,29/07/1978,***-**-3944,MI
39,Samantha,Lara,28/03/1985,***-**-3515,MN
423,Stacy,Charles,13/10/1975,***-**-6153,NY
192,Sarah,Simpson,20/12/1967,***-**-0817,WI
162,Samantha,Lara,20/01/1990,***-**-0346,TN
131,Stacy,Charles,21/07/1961,***-**-1581,WV
20,Michelle,Roy,07/08/1961,***-**-2014,MO
246,Sarah,Simpson,06/01/1972,***-**-2754,MT
525,Samantha,Lara,22/08/1960,***-**-7911,IA
392,Stacy,Charles,05/05/1979,***-**-2578,IL
474,Michelle,Roy,23/09/1989,***-**-0904,GA
478,Joseph,Rogers,14/03/1979,***-**-6881,RI
101,Sarah,Simpson,04/09/1984,***-**-8680,LA
52,Samantha,Lara,08/04/1988,***-**-1668,ND
182,Stacy,Charles,28/05/1962,***-**-7070,NE
637,Michelle,Roy,15/06/1972,***-**-6715,FL
510,Joseph,Rogers,28/03/1958,***-**-0770,OK
122,Erica,Hines,10/04/1963,***-**-0286,AL
294,Sarah,Simpson,09/09/1981,***-**-5228,LA
327,Samantha,Lara,20/07/1977,***-**-1994,OR
145,Stacy,Charles,30/01/1981,***-**-7629,NC
565,Michelle,Roy,13/04/1987,***-**-6836,SD
590,Joseph,Rogers,28/08/1982,***-**-4744,NH
340,Erica,Hines,23/08/1993,***-**-2306,WA
176,Zoe,Patel,15/12/1991,***-**-7662,IN
63,Sarah,Simpson,20/07/1984,***-**-4907,NJ
121,Samantha,Lara,24/02/1969,***-**-2207,MS
70,Stacy,Charles,16/09/1973,***-**-5514,MS
446,Michelle,Roy,21/08/1994,***-**-5222,OK
156,Joseph,Rogers,31/10/1965,***-**-4542,CT
343,Erica,Hines,14/12/1958,***-**-6030,HI
599,Zoe,Patel,24/01/1973,***-**-3831,MT
102,Matthew,Harvey,25/07/1984,***-**-7445,KY
377,Sarah,Simpson,13/09/1957,***-**-1689,NM
240,Samantha,Lara,03/12/1993,***-**-3580,CO
455,Stacy,Charles,15/01/1968,***-**-3736,ID
503,Michelle,Roy,25/11/1989,***-**-5036,SD
269,Joseph,Rogers,06/01/1987,***-**-3936,NH
219,Erica,Hines,08/12/1982,***-**-4070,WV
301,Zoe,Patel,11/09/1978,***-**-9672,SD
84,Matthew,Harvey,12/10/1969,***-**-2966,ME
588,Shawn,Davis,12/09/1963,***-**-6084,NE
540,Sarah,Simpson,15/07/1966,***-**-9779,SD
329,Samantha,Lara,01/02/1992,***-**-7328,MS
74,Stacy,Charles,19/05/1973,***-**-7781,NM
29,Michelle,Roy,20/08/1991,***-**-7882,VA
92,Joseph,Rogers,13/05/1960,***-**-0741,WV
489,Erica,Hines,08/09/1971,***-**-3136,AZ
561,Zoe,Patel,28/05/1975,***-**-0643,GA
44,Matthew,Harvey,18/04/1987,***-**-3016,MT
138,Shawn,Davis,07/03/1958,***-**-0707,IN
623,April,Baldwin,15/05/1973,***-**-4337,AZ
173,Sarah,Simpson,20/11/1972,***-**-0963,OK
148,Samantha,Lara,11/08/1978,***-**-5508,ND
184,Stacy,Charles,13/02/1986,***-**-8687,NV
228,Michelle,Roy,22/09/1985,***-**-7734,CA
117,Joseph,Rogers,27/02/1973,***-**-5429,NC
544,Erica,Hines,28/11/1962,***-**-1621,NM
116,Zoe,Patel,30/09/1962,***-**-9126,NV
622,Matthew,Harvey,28/04/1973,***-**-6742,MN
376,Shawn,Davis,03/07/1983,***-**-7892,DE
100,April,Baldwin,25/01/1961,***-**-4112,AK
222,Vincent,Daniels,11/08/1985,***-**-4460,GA
506,Sarah,Simpson,05/01/1976,***-**-5174,SC
59,Samantha,Lara,01/03/1962,***-**-9185,OH
456,Stacy,Charles,18/09/1961,***-**-3222,KY
389,Michelle,Roy,26/08/1958,***-**-3120,AL
236,Joseph,Rogers,17/07/1983,***-**-2641,OH
78,Erica,Hines,27/09/1993,***-**-8339,NJ
253,Zoe,Patel,27/02/1981,***-**-2601,ID
67,Matthew,Harvey,15/06/1973,***-**-7126,AZ
642,Shawn,Davis,21/06/1959,***-**-6918,SC
279,April,Baldwin,23/05/1969,***-**-4559,MS
41,Vincent,Daniels,11/03/1986,***-**-9544,UT
30,Ann,Fields,05/02/1973,***-**-2883,DE
462,Sarah,Simpson,24/07/1989,***-**-1379,IN
87,Samantha,Lara,20/06/1984,***-**-4567,AL
26,Stacy,Charles,08/10/1968,***-**-7749,LA
553,Michelle,Roy,04/10/1981,***-**-6302,UT
151,Joseph,Rogers,05/07/1987,***-**-5549,OH
523,Erica,Hines,19/12/1968,***-**-4633,WY
434,Zoe,Patel,01/03/1988,***-**-0333,CA
1,Matthew,Harvey,16/10/1987,***-**-4728,TN
365,Shawn,Davis,24/04/1961,***-**-5132,WY
230,April,Baldwin,18/09/1979,***-**-9324,VT
357,Vincent,Daniels,12/08/1994,***-**-9378,NV
142,Ann,Fields,21/11/1993,***-**-1270,IN
606,Jeffrey,Pearson,21/08/1980,***-**-9489,WV
129,Sarah,Simpson,21/11/1985,***-**-0950,AK
34,Samantha,Lara,09/03/1974,***-**-2560,CO
190,Stacy,Charles,18/08/1972,***-**-0367,CA
259,Michelle,Roy,06/12/1979,***-**-7953,WI
471,Joseph,Rogers,23/07/1979,***-**-2997,OR
362,Erica,Hines,20/12/1974,***-**-1192,MD
620,Zoe,Patel,19/04/1985,***-**-0735,PA
299,Matthew,Harvey,19/06/1967,***-**-0867,NE
213,Shawn,Davis,30/04/1959,***-**-9076,WV
427,April,Baldwin,15/02/1973,***-**-2395,DE
105,Vincent,Daniels,03/10/1989,***-**-2969,OH
260,Ann,Fields,12/03/1986,***-**-9319,WY
547,Jeffrey,Pearson,27/02/1968,***-**-3498,NH
28,Heather,Johnson,30/09/1969,***-**-6416,ND
486,Sarah,Simpson,18/11/1962,***-**-7524,AK
300,Samantha,Lara,15/07/1990,***-**-9800,VT
501,Stacy,Charles,15/05/1989,***-**-7554,FL
584,Michelle,Roy,04/05/1968,***-**-3936,MT
453,Joseph,Rogers,24/01/1980,***-**-1663,LA
16,Erica,Hines,17/01/1966,***-**-1698,IA
185,Zoe,Patel,25/11/1961,***-**-8268,MI
223,Matthew,Harvey,13/05/1971,***-**-2427,NE
290,Shawn,Davis,24/06/1969,***-**-2636,MD
71,April,Baldwin,06/05/1994,***-**-4970,CA
73,Vincent,Daniels,25/10/1957,***-**-8942,AK
549,Ann,Fields,10/03/1987,***-**-6484,MS
359,Jeffrey,Pearson,23/11/1965,***-**-7712,ND
631,Heather,Johnson,17/03/1977,***-**-9010,NH
585,Melissa,Fletcher,02/09/1987,***-**-8491,FL
641,Sarah,Simpson,05/02/1964,***-**-3596,ME
564,Samantha,Lara,06/05/1983,***-**-7298,HI
149,Stacy,Charles,28/12/1984,***-**-7228,KS
430,Michelle,Roy,20/04/1976,***-**-1311,NY
587,Joseph,Rogers,02/05/1981,***-**-7152,CT
420,Erica,Hines,03/01/1980,***-**-7840,WI
625,Zoe,Patel,17/09/1987,***-**-9513,VT
319,Matthew,Harvey,11/03/1966,***-**-3750,IN
18,Shawn,Davis,07/08/1993,***-**-8028,DE
535,April,Baldwin,28/03/1958,***-**-5885,GA
417,Vincent,Daniels,09/04/1957,***-**-8017,CT
391,Ann,Fields,02/03/1982,***-**-9737,CO
274,Jeffrey,Pearson,30/07/1994,***-**-3813,WA
270,Heather,Johnson,24/04/1972,***-**-6724,CT
537,Melissa,Fletcher,30/08/1968,***-**-3547,TX
341,Kimberly,Alvarez,29/04/1977,***-**-6378,TN
402,Sarah,Simpson,01/04/1991,***-**-9437,LA
476,Samantha,Lara,15/07/1957,***-**-7869,MT
367,Stacy,Charles,27/06/1969,***-**-5595,TX
407,Michelle,Roy,26/01/1960,***-**-8950,ME
280,Joseph,Rogers,14/04/1981,***-**-9216,VT
524,Erica,Hines,29/08/1958,***-**-2780,NE
57,Zoe,Patel,20/09/1979,***-**-6637,FL
312,Matthew,Harvey,15/08/1978,***-**-1746,FL
649,Shawn,Davis,23/05/1976,***-**-7411,OH
488,April,Baldwin,02/01/1978,***-**-0114,WI
139,Vincent,Daniels,17/03/1959,***-**-9454,MI
412,Ann,Fields,15/01/1969,***-**-9026,OR
5,Jeffrey,Pearson,02/09/1986,***-**-1151,AK
153,Heather,Johnson,17/12/1965,***-**-9162,IL
321,Melissa,Fletcher,11/08/1976,***-**-3428,WI
541,Kimberly,Alvarez,07/04/1990,***-**-5243,RI
406,Monica,Jimenez,19/11/1980,***-**-7721,IL
204,Sarah,Simpson,22/08/1961,***-**-5624,AR
567,Samantha,Lara,19/12/1976,***-**-3299,UT
187,Stacy,Charles,17/06/1961,***-**-1470,GA
460,Michelle,Roy,16/04/1971,***-**-9388,CA
212,Joseph,Rogers,07/12/1973,***-**-2368,NE
617,Erica,Hines,20/03/1992,***-**-6050,AR
353,Zoe,Patel,05/04/1987,***-**-4807,ID
383,Matthew,Harvey,04/09/1978,***-**-5712,MI
91,Shawn,Davis,31/12/1970,***-**-7318,FL
429,April,Baldwin,11/04/1969,***-**-0666,WI
40,Vincent,Daniels,31/07/1979,***-**-2595,TX
298,Ann,Fields,10/07/1974,***-**-6906,SC
400,Jeffrey,Pearson,15/12/1976,***-**-4271,RI
480,Heather,Johnson,23/12/1968,***-**-7392,KY
375,Melissa,Fletcher,24/11/1990,***-**-2614,WA
626,Kimberly,Alvarez,14/10/1979,***-**-4169,AR
97,Monica,Jimenez,13/12/1976,***-**-5611,NM
291,Steven,Johnson,29/01/1965,***-**-8099,AZ
614,Sarah,Simpson,09/03/1979,***-**-5896,AL
552,Samantha,Lara,13/12/1985,***-**-5336,VT
338,Stacy,Charles,15/06/1965,***-**-0939,SD
513,Michelle,Roy,04/04/1994,***-**-8932,MN
231,Joseph,Rogers,08/06/1969,***-**-2886,UT
443,Erica,Hines,08/08/1980,***-**-8236,WV
140,Zoe,Patel,14/08/1967,***-**-9234,MA
96,Matthew,Harvey,20/08/1965,***-**-7098,NE
531,Shawn,Davis,27/11/1978,***-**-6911,NM
403,April,Baldwin,01/01/1978,***-**-0637,KY
580,Vincent,Daniels,11/11/1971,***-**-5120,NJ
113,Ann,Fields,23/02/1976,***-**-2404,NE
289,Jeffrey,Pearson,05/09/1964,***-**-2946,IA
247,Heather,Johnson,01/05/1989,***-**-3628,CO
472,Melissa,Fletcher,16/11/1962,***-**-2185,AZ
582,Kimberly,Alvarez,03/06/1994,***-**-8593,RI
265,Monica,Jimenez,11/11/1981,***-**-8560,NC
281,Steven,Johnson,22/09/1975,***-**-7048,NY
330,Sarah,Wood,10/10/1980,***-**-4819,NY
372,Sarah,Simpson,24/01/1959,***-**-8264,VA
628,Samantha,Lara,19/09/1977,***-**-4792,WV
445,Stacy,Charles,14/03/1986,***-**-2653,FL
316,Michelle,Roy,07/08/1965,***-**-2441,NV
499,Joseph,Rogers,20/04/1991,***-**-2117,UT
528,Erica,Hines,13/04/1986,***-**-9411,NJ
242,Zoe,Patel,20/04/1988,***-**-6742,DE
632,Matthew,Harvey,01/09/1986,***-**-3144,ND
313,Shawn,Davis,23/02/1991,***-**-7938,GA
89,April,Baldwin,02/06/1974,***-**-8359,MS
130,Vincent,Daniels,19/01/1975,***-**-8386,WA
3,Ann,Fields,08/12/1982,***-**-9382,KS
586,Jeffrey,Pearson,15/11/1979,***-**-2111,IA
355,Heather,Johnson,03/09/1993,***-**-2522,MT
532,Melissa,Fletcher,12/01/1972,***-**-0457,AZ
326,Kimberly,Alvarez,20/04/1979,***-**-4078,ID
225,Monica,Jimenez,01/12/1981,***-**-8375,MT
191,Steven,Johnson,22/05/1990,***-**-9288,NY
444,Sarah,Wood,14/12/1970,***-**-7671,AR
490,Jesus,Petersen,25/01/1971,***-**-6779,SC
609,Sarah,Simpson,10/04/1971,***-**-2683,MD
47,Samantha,Lara,27/12/1984,***-**-5500,IN
508,Stacy,Charles,13/02/1988,***-**-1027,SC
388,Michelle,Roy,13/05/1971,***-**-4897,CA
331,Joseph,Rogers,07/02/1980,***-**-2075,MD
264,Erica,Hines,18/08/1967,***-**-8568,FL
589,Zoe,Patel,17/04/1990,***-**-4162,CA
278,Matthew,Harvey,08/11/1990,***-**-0506,NV
526,Shawn,Davis,01/02/1959,***-**-6248,NM
205,April,Baldwin,18/03/1983,***-**-5874,CO
199,Vincent,Daniels,30/08/1969,***-**-1053,IL
550,Ann,Fields,14/05/1990,***-**-6565,CT
103,Jeffrey,Pearson,26/03/1971,***-**-5176,NY
465,Heather,Johnson,22/10/1993,***-**-9440,MD
348,Melissa,Fletcher,22/05/1985,***-**-1196,MS
158,Kimberly,Alvarez,09/10/1966,***-**-8394,KS
361,Monica,Jimenez,09/01/1992,***-**-7391,MD
610,Steven,Johnson,29/08/1973,***-**-3792,NE
235,Sarah,Wood,19/09/1969,***-**-2854,ME
442,Jesus,Petersen,14/09/1988,***-**-2068,FL
215,Rhonda,Rosales,29/12/1989,***-**-0642,WY
17,Sarah,Simpson,02/04/1992,***-**-5581,IL
363,Samantha,Lara,06/11/1976,***-**-1375,WV
438,Stacy,Charles,28/03/1986,***-**-0776,MN
111,Michelle,Roy,27/06/1966,***-**-5946,IN
396,Joseph,Rogers,27/11/1978,***-**-5842,NE
255,Erica,Hines,09/03/1973,***-**-6351,OH
226,Zoe,Patel,11/06/1962,***-**-7248,IL
652,Matthew,Harvey,22/10/1958,***-**-4723,SC
64,Shawn,Davis,14/01/1982,***-**-8100,TN
415,April,Baldwin,25/09/1977,***-**-7493,IA
354,Vincent,Daniels,26/11/1985,***-**-6963,SD
517,Ann,Fields,19/10/1980,***-**-5360,IN
292,Jeffrey,Pearson,17/07/1981,***-**-0698,WV
579,Heather,Johnson,16/06/1974,***-**-3440,ID
181,Melissa,Fletcher,15/11/1992,***-**-9595,WA
556,Kimberly,Alvarez,30/10/1983,***-**-2451,WY
351,Monica,Jimenez,29/01/1961,***-**-6761,KY
405,Steven,Johnson,23/07/1964,***-**-3953,NY
647,Sarah,Wood,09/05/1988,***-**-5674,AK
646,Jesus,Petersen,02/04/1969,***-**-7111,WV
79,Rhonda,Rosales,04/12/1988,***-**-1210,TN
371,Nicole,Richardson,14/06/1988,***-**-7062,KS
542,Sarah,Simpson,27/03/1985,***-**-0325,RI
261,Samantha,Lara,20/09/1966,***-**-7879,MI
368,Stacy,Charles,05/09/1957,***-**-0437,NV
439,Michelle,Roy,17/10/1986,***-**-1991,UT
82,Joseph,Rogers,16/07/1960,***-**-6930,MA
431,Erica,Hines,24/08/1979,***-**-2737,NE
155,Zoe,Patel,27/02/1976,***-**-1562,MI
189,Matthew,Harvey,25/02/1986,***-**-6697,VT
393,Shawn,Davis,11/06/1965,***-**-4666,NJ
451,April,Baldwin,13/02/1981,***-**-8948,MS
22,Vincent,Daniels,18/02/1964,***-**-8701,MT
470,Ann,Fields,01/12/1985,***-**-1803,SC
384,Jeffrey,Pearson,19/08/1980,***-**-1355,GA
7,Heather,Johnson,07/01/1992,***-**-0413,NH
258,Melissa,Fletcher,16/07/1977,***-**-9304,KY
568,Kimberly,Alvarez,04/02/1970,***-**-3356,PA
56,Monica,Jimenez,16/08/1965,***-**-4164,VT
621,Steven,Johnson,08/02/1971,***-**-1100,NH
49,Sarah,Wood,26/03/1957,***-**-6249,NH
397,Jesus,Petersen,13/09/1992,***-**-3459,IL
36,Rhonda,Rosales,26/04/1967,***-**-3462,RI
33,Nicole,Richardson,19/05/1969,***-**-8879,KS
224,Jennifer,Mendez,03/11/1982,***-**-6809,WV
634,Sarah,Simpson,31/01/1989,***-**-0195,KS
144,Samantha,Lara,22/01/1986,***-**-0161,NC
491,Stacy,Charles,27/05/1973,***-**-0355,IA
309,Michelle,Roy,11/05/1988,***-**-6955,AZ
211,Joseph,Rogers,07/03/1990,***-**-5518,IN
475,Erica,Hines,13/01/1976,***-**-4515,WI
493,Zoe,Patel,10/11/1983,***-**-1434,ND
128,Matthew,Harvey,30/09/1965,***-**-8369,OR
262,Shawn,Davis,25/02/1979,***-**-8546,WI
597,April,Baldwin,21/04/1974,***-**-4614,PA
325,Vincent,Daniels,30/04/1961,***-**-1223,AL
573,Ann,Fields,24/09/1986,***-**-1306,MN
55,Jeffrey,Pearson,27/04/1982,***-**-6610,PA
132,Heather,Johnson,03/04/1977,***-**-0620,KS
401,Melissa,Fletcher,04/06/1994,***-**-2490,NY
483,Kimberly,Alvarez,01/07/1983,***-**-7833,IL
424,Monica,Jimenez,08/11/1970,***-**-3228,CA
188,Steven,Johnson,04/11/1981,***-**-7043,DE
272,Sarah,Wood,11/09/1967,***-**-2658,OR
545,Jesus,Petersen,17/02/1993,***-**-8022,WY
193,Rhonda,Rosales,27/03/1964,***-**-2359,IN
593,Nicole,Richardson,11/08/1968,***-**-6401,PA
463,Jennifer,Mendez,07/06/1984,***-**-0704,IL
334,Sandra,Petty,05/07/1969,***-**-4775,RI
596,Sarah,Simpson,07/04/1983,***-**-7889,GA
373,Samantha,Lara,26/12/1970,***-**-7600,GA
635,Stacy,Charles,07/06/1986,***-**-6004,MN
315,Michelle,Roy,07/05/1967,***-**-4036,KS
120,Joseph,Rogers,20/01/1976,***-**-8337,WY
110,Erica,Hines,05/02/1983,***-**-1089,NC
68,Zoe,Patel,01/02/1993,***-**-5142,WI
14,Matthew,Harvey,21/12/1978,***-**-2191,CO
200,Shawn,Davis,14/06/1971,***-**-2753,MT
62,April,Baldwin,17/11/1969,***-**-0822,MA
263,Vincent,Daniels,14/02/1990,***-**-6162,MA
257,Ann,Fields,09/03/1968,***-**-5774,NC
61,Jeffrey,Pearson,28/04/1976,***-**-5107,SC
107,Heather,Johnson,05/07/1992,***-**-4136,CA
322,Melissa,Fletcher,05/01/1977,***-**-4670,WY
2,Kimberly,Alvarez,03/04/1987,***-**-7430,HI
81,Monica,Jimenez,19/04/1992,***-**-7096,NM
337,Steven,Johnson,20/01/1991,***-**-7256,SC
93,Sarah,Wood,07/02/1966,***-**-8007,MA
366,Jesus,Petersen,30/04/1991,***-**-6884,PA
287,Rhonda,Rosales,20/10/1959,***-**-7816,GA
66,Nicole,Richardson,01/08/1959,***-**-8196,NY
243,Jennifer,Mendez,27/12/1973,***-**-3414,NV
603,Sandra,Petty,15/05/1990,***-**-6839,OR
277,Michael,Hester,21/06/1976,***-**-2869,AR
583,Sarah,Simpson,09/01/1973,***-**-9722,AZ
268,Samantha,Lara,09/12/1976,***-**-2136,MN
234,Stacy,Charles,15/09/1991,***-**-7631,AR
320,Michelle,Roy,24/12/1969,***-**-3333,GA
461,Joseph,Rogers,03/07/1964,***-**-9982,NM
232,Erica,Hines,15/06/1987,***-**-1303,NJ
13,Zoe,Patel,17/02/1965,***-**-2820,MO
108,Matthew,Harvey,09/09/1973,***-**-3168,MO
216,Shawn,Davis,10/12/1975,***-**-2648,KS
304,April,Baldwin,08/01/1978,***-**-6681,MA
94,Vincent,Daniels,23/11/1993,***-**-4445,MS
171,Ann,Fields,05/01/1993,***-**-8141,CT
466,Jeffrey,Pearson,09/11/1975,***-**-7919,MD
498,Heather,Johnson,03/02/1959,***-**-2413,SC
180,Melissa,Fletcher,07/12/1957,***-**-5844,VT
9,Kimberly,Alvarez,05/12/1972,***-**-6538,AR
170,Monica,Jimenez,03/12/1961,***-**-1013,WA
172,Steven,Johnson,13/03/1983,***-**-4965,AL
46,Sarah,Wood,03/07/1990,***-**-7861,NJ
576,Jesus,Petersen,04/06/1971,***-**-5040,AK
11,Rhonda,Rosales,23/04/1982,***-**-0627,AZ
80,Nicole,Richardson,11/12/1981,***-**-6296,AZ
77,Jennifer,Mendez,08/07/1990,***-**-0500,IA
555,Sandra,Petty,15/10/1978,***-**-3379,KY
95,Michael,Hester,02/01/1965,***-**-9763,NC
595,Joseph,Brown,15/08/1963,***-**-0413,MI
543,Sarah,Simpson,20/10/1986,***-**-9690,OK
227,Samantha,Lara,19/07/1972,***-**-3934,TX
572,Stacy,Charles,22/04/1967,***-**-8047,MT
387,Michelle,Roy,09/11/1970,***-**-2594,AR
380,Joseph,Rogers,19/04/1959,***-**-4659,NC
203,Erica,Hines,13/12/1974,***-**-3754,MO
636,Zoe,Patel,17/06/1963,***-**-8490,FL
256,Matthew,Harvey,12/01/1977,***-**-5923,WV
85,Shawn,Davis,08/12/1972,***-**-0243,MO
520,April,Baldwin,19/08/1978,***-**-9820,FL
233,Vincent,Daniels,25/12/1957,***-**-8248,UT
410,Ann,Fields,11/04/1963,***-**-7838,WA
485,Jeffrey,Pearson,10/06/1992,***-**-1852,ND
630,Heather,Johnson,02/03/1969,***-**-9480,MA
295,Melissa,Fletcher,29/05/1962,***-**-8148,ME
487,Kimberly,Alvarez,20/06/1960,***-**-3185,SC
616,Monica,Jimenez,03/04/1984,***-**-3672,MA
435,Steven,Johnson,07/08/1966,***-**-4780,AK
349,Sarah,Wood,06/02/1985,***-**-5213,SD
557,Jesus,Petersen,07/03/1981,***-**-0042,IL
425,Rhonda,Rosales,23/08/1984,***-**-6395,GA
273,Nicole,Richardson,03/08/1962,***-**-6360,WA
69,Jennifer,Mendez,10/03/1992,***-**-0749,NC
571,Sandra,Petty,21/11/1977,***-**-7057,NH
169,Michael,Hester,24/09/1975,***-**-4870,MS
495,Joseph,Brown,08/06/1989,***-**-2026,NV
350,Michelle,Cooper,17/09/1984,***-**-2527,MS
395,Sarah,Simpson,30/10/1986,***-**-0435,MT
75,Samantha,Lara,24/12/1977,***-**-8792,WA
244,Stacy,Charles,18/06/1967,***-**-8771,NH
509,Michelle,Roy,04/09/1983,***-**-5604,ME
339,Joseph,Rogers,18/06/1972,***-**-9767,TN
534,Erica,Hines,04/01/1971,***-**-6283,LA
419,Zoe,Patel,14/12/1974,***-**-6649,IN
386,Matthew,Harvey,24/12/1966,***-**-8324,WA
328,Shawn,Davis,17/08/1960,***-**-4918,TX
612,April,Baldwin,30/06/1979,***-**-0117,CO
502,Vincent,Daniels,22/12/1971,***-**-1698,SC
390,Ann,Fields,12/10/1965,***-**-2150,MT
404,Jeffrey,Pearson,12/12/1973,***-**-5658,AR
159,Heather,Johnson,15/01/1981,***-**-5340,UT
115,Melissa,Fletcher,27/04/1960,***-**-9784,AZ
422,Kimberly,Alvarez,09/03/1966,***-**-4578,VA
250,Monica,Jimenez,17/11/1958,***-**-3591,WV
638,Steven,Johnson,14/10/1975,***-**-3158,VA
414,Sarah,Wood,07/09/1961,***-**-7381,WV
127,Jesus,Petersen,13/08/1982,***-**-9114,MS
440,Rhonda,Rosales,23/01/1994,***-**-7298,MS
594,Nicole,Richardson,12/10/1967,***-**-7968,MS
114,Jennifer,Mendez,08/08/1975,***-**-0620,NM
109,Sandra,Petty,09/02/1962,***-**-1396,DE
515,Michael,Hester,03/11/1959,***-**-5547,SD
31,Joseph,Brown,06/08/1980,***-**-1904,TN
605,Michelle,Cooper,26/03/1978,***-**-6667,CT
421,Barbara,Wise,19/01/1973,***-**-3401,VT
536,Sarah,Simpson,11/08/1963,***-**-6449,CT
267,Samantha,Lara,18/03/1967,***-**-9288,RI
210,Stacy,Charles,01/05/1963,***-**-0265,ID
560,Michelle,Roy,16/06/1976,***-**-7915,NY
302,Joseph,Rogers,16/04/1966,***-**-4597,TN
640,Erica,Hines,06/06/1970,***-**-5627,CO
449,Zoe,Patel,08/10/1973,***-**-2874,PA
202,Matthew,Harvey,30/06/1985,***-**-5741,AK
168,Shawn,Davis,07/04/1981,***-**-9028,CO
119,April,Baldwin,26/10/1968,***-**-1654,LA
613,Vincent,Daniels,26/07/1974,***-**-3940,WY
473,Ann,Fields,08/09/1983,***-**-8885,AZ
615,Jeffrey,Pearson,17/09/1973,***-**-6531,MA
10,Heather,Johnson,02/02/1958,***-**-4261,HI
86,Melissa,Fletcher,28/07/1973,***-**-5706,CO
500,Kimberly,Alvarez,11/01/1968,***-**-6468,LA
38,Monica,Jimenez,17/07/1970,***-**-3505,ME
633,Steven,Johnson,15/09/1963,***-**-4120,ID
530,Sarah,Wood,17/04/1979,***-**-9334,OK
177,Jesus,Petersen,01/06/1958,***-**-4595,WI
266,Rhonda,Rosales,02/02/1977,***-**-1552,MA
4,Nicole,Richardson,06/04/1967,***-**-0580,WA
12,Jennifer,Mendez,25/12/1969,***-**-5284,CA
477,Sandra,Petty,17/10/1962,***-**-5295,CA
575,Michael,Hester,10/06/1973,***-**-9588,AL
37,Joseph,Brown,04/10/1990,***-**-1051,DE
360,Michelle,Cooper,21/09/1961,***-**-6120,RI
134,Barbara,Wise,21/12/1964,***-**-5477,KY
416,Carol,Rosales,24/09/1976,***-**-2699,NJ
45,Sarah,Simpson,09/04/1957,***-**-8575,MA
441,Samantha,Lara,10/09/1966,***-**-8353,NC
323,Stacy,Charles,06/07/1982,***-**-1657,OH
58,Michelle,Roy,03/07/1994,***-**-1674,IN
639,Joseph,Rogers,25/02/1973,***-**-0572,FL
484,Erica,Hines,21/08/1960,***-**-5605,UT
50,Zoe,Patel,24/08/1964,***-**-2643,TN
533,Matthew,Harvey,11/11/1960,***-**-2024,AZ
611,Shawn,Davis,03/12/1969,***-**-7515,NC
563,April,Baldwin,02/07/1957,***-**-7390,CO
562,Vincent,Daniels,29/02/1968,***-**-2710,WA
559,Ann,Fields,28/02/1990,***-**-6862,ID
481,Jeffrey,Pearson,29/05/1964,***-**-8792,NM
195,Heather,Johnson,08/02/1984,***-**-1226,MI
186,Melissa,Fletcher,24/10/1975,***-**-7833,FL
160,Kimberly,Alvarez,18/06/1983,***-**-4884,AL
143,Monica,Jimenez,11/04/1988,***-**-9528,SD
492,Steven,Johnson,18/08/1994,***-**-4594,GA
6,Sarah,Wood,05/07/1975,***-**-4734,ND
88,Jesus,Petersen,20/01/1992,***-**-8779,AL
161,Rhonda,Rosales,05/06/1981,***-**-4033,VT
83,Nicole,Richardson,11/12/1965,***-**-8325,TX
254,Jennifer,Mendez,22/07/1976,***-**-7697,NY
464,Sandra,Petty,04/08/1960,***-**-0099,MA
284,Michael,Hester,31/10/1973,***-**-8215,NM
25,Joseph,Brown,30/01/1961,***-**-3664,LA
218,Michelle,Cooper,01/08/1991,***-**-5586,IN
99,Barbara,Wise,08/06/1974,***-**-7890,OH
356,Carol,Rosales,07/12/1957,***-**-3851,MS
317,Mark,Villa,21/02/1957,***-**-8008,SC
229,Sarah,Simpson,07/03/1984,***-**-1576,VA
581,Samantha,Lara,06/06/1992,***-**-7139,WV
452,Stacy,Charles,06/03/1976,***-**-3901,GA
518,Michelle,Roy,30/06/1957,***-**-1319,CT
479,Joseph,Rogers,31/01/1961,***-**-8909,ND
245,Erica,Hines,01/02/1981,***-**-4713,IN
653,Zoe,Patel,18/07/1965,***-**-3601,AR
19,Matthew,Harvey,24/03/1985,***-**-8776,NM
650,Shawn,Davis,12/12/1960,***-**-3754,CA
137,April,Baldwin,29/12/1970,***-**-2911,TX
619,Vincent,Daniels,13/09/1972,***-**-8147,IN
654,Ann,Fields,17/01/1959,***-**-2267,HI
201,Jeffrey,Pearson,06/04/1972,***-**-7978,RI
165,Heather,Johnson,15/11/1962,***-**-5312,NJ
310,Melissa,Fletcher,05/09/1958,***-**-6855,MS
141,Kimberly,Alvarez,15/03/1959,***-**-1866,TN
600,Monica,Jimenez,10/01/1974,***-**-4313,TN
529,Steven,Johnson,28/07/1976,***-**-2839,NY
369,Sarah,Wood,23/10/1967,***-**-7596,NC
32,Jesus,Petersen,14/02/1967,***-**-8194,SC
522,Rhonda,Rosales,10/10/1962,***-**-3761,FL
651,Nicole,Richardson,12/05/1958,***-**-9113,NJ
608,Jennifer,Mendez,17/06/1960,***-**-3759,IL
336,Sandra,Petty,12/09/1964,***-**-3882,DE
516,Michael,Hester,29/07/1980,***-**-2488,HI
514,Joseph,Brown,11/04/1962,***-**-6015,VA
426,Michelle,Cooper,13/11/1959,***-**-7111,WV
497,Barbara,Wise,24/04/1964,***-**-2228,CA
468,Carol,Rosales,06/01/1964,***-**-8092,NH
24,Mark,Villa,17/06/1967,***-**-4888,IA
221,Russell,Orozco,30/04/1992,***-**-6104,ND
217,Sarah,Simpson,20/10/1982,***-**-3545,ME
399,Samantha,Lara,21/07/1963,***-**-3300,CO
285,Stacy,Charles,20/12/1993,***-**-9625,OK
21,Michelle,Roy,11/06/1984,***-**-1529,KY
447,Joseph,Rogers,20/12/1973,***-**-6337,VT
601,Erica,Hines,01/08/1984,***-**-3344,AL
378,Zoe,Patel,02/10/1989,***-**-5788,HI
548,Matthew,Harvey,18/03/1957,***-**-7962,TN
42,Shawn,Davis,06/08/1980,***-**-4700,MS
344,April,Baldwin,27/02/1970,***-**-5338,NV
252,Vincent,Daniels,05/11/1980,***-**-0341,ID
428,Ann,Fields,31/01/1989,***-**-1954,HI
220,Jeffrey,Pearson,29/01/1986,***-**-6243,CT
118,Heather,Johnson,04/12/1978,***-**-9307,HI
618,Melissa,Fletcher,18/08/1968,***-**-6329,FL
370,Kimberly,Alvarez,24/07/1983,***-**-7354,OK
23,Monica,Jimenez,23/12/1964,***-**-4744,SC
511,Steven,Johnson,08/01/1973,***-**-9276,VT
43,Sarah,Wood,29/11/1970,***-**-5246,AZ
311,Jesus,Petersen,16/07/1963,***-**-7399,MI
136,Rhonda,Rosales,13/09/1974,***-**-3346,NJ
72,Nicole,Richardson,12/04/1981,***-**-5875,OR
65,Jennifer,Mendez,05/04/1992,***-**-2359,CT
577,Sandra,Petty,07/04/1959,***-**-7821,IL
35,Michael,Hester,21/07/1958,***-**-1842,NE
296,Joseph,Brown,18/09/1959,***-**-7753,WI
578,Michelle,Cooper,26/08/1992,***-**-8582,NE
98,Barbara,Wise,19/11/1980,***-**-2061,IN
569,Carol,Rosales,03/05/1979,***-**-3035,PA
248,Mark,Villa,29/01/1958,***-**-3100,NM
433,Russell,Orozco,09/07/1970,***-**-7579,FL
307,Michelle,Sanchez,24/04/1983,***-**-6013,IN
398,Sarah,Simpson,07/10/1957,***-**-0633,IN
60,Samantha,Lara,20/03/1979,***-**-9022,VA
282,Stacy,Charles,17/10/1968,***-**-2012,WV
436,Michelle,Roy,08/04/1978,***-**-3418,MA
318,Joseph,Rogers,28/07/1965,***-**-5775,VT
494,Erica,Hines,10/01/1965,***-**-3816,MA
644,Zoe,Patel,29/06/1980,***-**-9087,MO
413,Matthew,Harvey,18/05/1987,***-**-7625,CA
345,Shawn,Davis,29/04/1980,***-**-5815,OH
123,April,Baldwin,30/03/1957,***-**-1819,NV
208,Vincent,Daniels,12/02/1974,***-**-3375,ND
346,Ann,Fields,22/02/1985,***-**-4729,CO
385,Jeffrey,Pearson,21/12/1960,***-**-5897,CT
454,Heather,Johnson,24/07/1974,***-**-7279,OR
209,Melissa,Fletcher,31/05/1986,***-**-6852,NY
271,Kimberly,Alvarez,25/09/1986,***-**-0302,SD
152,Monica,Jimenez,03/08/1964,***-**-3452,SD
283,Steven,Johnson,31/01/1993,***-**-9545,PA
592,Sarah,Wood,19/06/1976,***-**-8728,PA
469,Jesus,Petersen,22/06/1982,***-**-9379,PA
306,Rhonda,Rosales,05/07/1981,***-**-1510,CA
237,Nicole,Richardson,30/06/1969,***-**-9009,DE
457,Jennifer,Mendez,25/10/1990,***-**-8318,UT
293,Sandra,Petty,12/08/1972,***-**-1836,SC
374,Michael,Hester,02/11/1975,***-**-6293,OH
276,Joseph,Brown,10/01/1976,***-**-5792,KS
112,Michelle,Cooper,05/12/1965,***-**-0840,WV
333,Barbara,Wise,09/08/1962,***-**-3997,OH
546,Carol,Rosales,24/09/1971,***-**-2003,OK
496,Mark,Villa,06/03/1976,***-**-2206,KS
504,Russell,Orozco,20/11/1984,***-**-7954,ND
126,Michelle,Sanchez,31/08/1984,***-**-8407,GA
418,Briana,Ayala,26/02/1988,***-**-4803,AZ
566,Sarah,Simpson,24/08/1972,***-**-8895,MD
249,Samantha,Lara,05/07/1990,***-**-2943,AZ
624,Stacy,Charles,20/11/1962,***-**-7406,NJ
358,Michelle,Roy,05/08/1960,***-**-0942,AK
197,Joseph,Rogers,10/05/1975,***-**-7953,OK
538,Erica,Hines,12/03/1960,***-**-3836,NV
164,Zoe,Patel,10/03/1966,***-**-3459,IA
450,Matthew,Harvey,17/01/1961,***-**-8076,AL
602,Shawn,Davis,22/08/1994,***-**-9448,RI
239,April,Baldwin,03/10/1968,***-**-8902,AR
627,Vincent,Daniels,13/08/1988,***-**-5405,NC
459,Ann,Fields,06/03/1981,***-**-0677,MO
394,Jeffrey,Pearson,27/03/1992,***-**-1605,LA
554,Heather,Johnson,29/11/1989,***-**-3276,SD
90,Melissa,Fletcher,03/02/1958,***-**-2668,ND
364,Kimberly,Alvarez,26/10/1983,***-**-7638,SC
574,Monica,Jimenez,17/08/1973,***-**-4706,AR
607,Steven,Johnson,16/09/1968,***-**-9127,MD
157,Sarah,Wood,26/01/1961,***-**-8283,RI
241,Jesus,Petersen,16/10/1957,***-**-9872,NV
558,Rhonda,Rosales,01/03/1957,***-**-7935,IA
324,Nicole,Richardson,11/03/1957,***-**-5246,ID
183,Jennifer,Mendez,05/11/1990,***-**-0638,SD
381,Sandra,Petty,05/01/1986,***-**-5912,CA
505,Michael,Hester,06/09/1978,***-**-9787,MA
437,Joseph,Brown,30/10/1987,***-**-5727,OH
135,Michelle,Cooper,01/06/1993,***-**-4791,MN
27,Barbara,Wise,03/01/1994,***-**-6223,SD
48,Carol,Rosales,23/02/1977,***-**-6535,NM
286,Mark,Villa,22/10/1966,***-**-5794,IL
308,Russell,Orozco,16/09/1968,***-**-2121,MI
163,Michelle,Sanchez,12/11/1973,***-**-9892,MO
275,Briana,Ayala,19/11/1974,***-**-3474,NE
521,Shane,Roberts,31/01/1986,***-**-5932,KY
53,Sarah,Simpson,17/02/1963,***-**-2921,NC
539,Samantha,Lara,12/05/1975,***-**-1580,HI
482,Stacy,Charles,27/07/1981,***-**-6206,AL
342,Michelle,Roy,05/06/1978,***-**-9383,FL
150,Joseph,Rogers,14/03/1994,***-**-8418,WA
448,Erica,Hines,28/07/1959,***-**-5747,ND
604,Zoe,Patel,24/04/1989,***-**-5242,VA
154,Matthew,Harvey,25/02/1960,***-**-2668,WV
591,Shawn,Davis,22/07/1980,***-**-7446,ME
196,April,Baldwin,04/02/1975,***-**-2581,IN
507,Vincent,Daniels,01/11/1971,***-**-4143,PA
409,Ann,Fields,10/07/1981,***-**-3882,LA
629,Jeffrey,Pearson,09/02/1992,***-**-2267,DE
305,Heather,Johnson,16/05/1962,***-**-7541,OR
297,Melissa,Fletcher,14/06/1985,***-**-4949,MN
133,Kimberly,Alvarez,18/12/1990,***-**-3364,ND
125,Monica,Jimenez,30/09/1969,***-**-0563,WI
106,Steven,Johnson,01/02/1977,***-**-4894,MD
335,Sarah,Wood,01/12/1991,***-**-0203,GA
648,Jesus,Petersen,21/07/1990,***-**-7608,KY
332,Rhonda,Rosales,15/08/1987,***-**-3302,OK
175,Nicole,Richardson,08/12/1961,***-**-1371,OR
104,Jennifer,Mendez,26/04/1977,***-**-9812,NE
314,Sandra,Petty,03/09/1974,***-**-7153,OR
551,Michael,Hester,24/10/1959,***-**-1644,SD
124,Joseph,Brown,24/11/1979,***-**-9488,NV
8,Michelle,Cooper,05/09/1962,***-**-5605,AL
251,Barbara,Wise,15/07/1962,***-**-0510,NE
643,Carol,Rosales,21/06/1958,***-**-6490,CT
238,Mark,Villa,05/09/1961,***-**-8396,MN
303,Russell,Orozco,28/02/1974,***-**-4596,WY
519,Michelle,Sanchez,15/10/1982,***-**-7950,MA
178,Briana,Ayala,09/05/1981,***-**-6848,OR
458,Shane,Roberts,15/02/1960,***-**-9111,WV
207,Cassandra,Morris,22/11/1978,***-**-9020,WV
598,Sarah,Simpson,11/06/1991,***-**-5309,WV
352,Samantha,Lara,02/11/1978,***-**-0964,MO
645,Stacy,Charles,15/06/1964,***-**-5027,FL
146,Michelle,Roy,06/10/1978,***-**-1193,NM
51,Joseph,Rogers,27/07/1989,***-**-7598,LA
512,Erica,Hines,18/04/1977,***-**-8249,KS
467,Zoe,Patel,20/12/1972,***-**-8160,CO
179,Matthew,Harvey,04/12/1957,***-**-0602,KY
54,Shawn,Davis,04/05/1985,***-**-1229,GA
570,April,Baldwin,10/04/1961,***-**-4240,IA
527,Vincent,Daniels,24/01/1970,***-**-1013,NY
288,Ann,Fields,05/05/1969,***-**-6182,MN
382,Jeffrey,Pearson,30/01/1985,***-**-5610,KY
408,Heather,Johnson,05/10/1992,***-**-4062,OR
147,Melissa,Fletcher,25/02/1994,***-**-7025,MD
198,Kimberly,Alvarez,09/03/1986,***-**-1494,WV
194,Monica,Jimenez,28/06/1974,***-**-6922,KS
206,Steven,Johnson,27/12/1978,***-**-4274,MN
76,Sarah,Wood,03/04/1985,***-**-5144,SC
432,Jesus,Petersen,08/04/1970,***-**-3511,AL
